Condition,Voltage,Current,Temperature
0,25.779241050628,404.526777795798,48.64857997939851
1,24.394498215927822,402.99570389757275,50.24546255731812
1,23.47815432516812,402.8960790594549,53.60534851528527
1,24.426941232344475,403.4806321016539,57.91316159115543
1,26.368343134789082,406.19202169407464,49.28729680256902
1,23.497503761889014,405.2762344100874,38.84014624134753
1,23.873954799434433,405.3273853849352,55.327939359232374
1,22.8044660569502,402.27810798153354,58.22484909282559
1,22.429906107947136,404.6046728702049,51.93961750661945
0,22.72476840470599,404.1648793767175,41.840980637919486
1,24.06189598579567,407.85417222612125,47.00133011895081
0,24.672774781937566,407.0678715048579,52.9414055002599
1,24.88429470560478,402.7453528731533,58.11039869411443
1,23.50796575329938,402.34870259332774,62.93893837152379
1,22.941718211499936,403.09397952337355,58.42505227752087
1,22.885111214716552,408.4008032155716,51.5980072595735
1,23.067052949628238,403.72045267699116,47.27588505481935
1,25.2745421667598,405.1145800658186,44.872156282706996
1,23.75379824192327,406.6332530554592,39.624211810325875
1,23.468415881423464,404.40013181188397,63.07580283761361
1,25.18324373919688,403.40350008161806,52.683753597904904
1,22.44273185379832,404.58010052525697,48.749820022551816
1,22.105830974540176,405.52771452181776,42.95517594362687
1,23.772543294880553,405.9894970020513,62.136532461395646
1,24.8537207527565,401.14064586523375,60.48036396768458
1,23.797086555775223,403.06147963268046,46.07592172073649
1,25.421248654786357,405.5262800425388,47.956174211143704
1,23.425051473222595,403.872940411195,56.78789346426059
1,25.242001051068062,403.9900407511791,61.65507681106489
1,23.876666279124827,404.3662212191612,59.98392551760217
1,23.76890513682817,405.52040623617245,40.234232084218654
1,26.62199652038781,402.5501781658071,52.59979314617129
1,22.61594200857966,402.90660771933955,44.42981781829852
1,24.422739610487042,403.7026292752417,50.27574609173115
1,24.66828901759779,404.37488651290977,56.667502737842725
1,25.79777970941014,401.290500732231,43.53470361714984
0,25.249383014895248,405.59185177168933,41.008945743748804
1,24.525373532742446,404.5996787107152,40.30092972773464
1,24.35763713586207,404.75300837276706,61.91992308476733
1,24.030530235567554,404.56521355642167,59.216907311419945
1,24.611550126270995,403.8011033577693,57.48086217067453
1,21.962481650469265,401.36276175658435,53.79780455583333
1,22.096106044113967,404.5074603236484,43.23713990694446
1,22.730407135791687,405.58420720169175,55.27347454241591
1,24.351845941201493,405.4109347736561,40.54051261973672
1,23.849863702856897,406.8274013118466,49.087347343117315
1,23.922323988252778,403.8186555936153,49.51279570526512
1,21.95523593716991,405.01415474152805,58.1048798718955
0,24.836632088471156,406.02625035974296,40.285443048010485
1,24.621162147597026,406.39384936356765,46.864334303562146
1,22.558464564293118,403.04593555591066,46.85335160491799
1,23.07098099961838,404.09113038678544,61.75275918494911
1,24.72126169234307,405.9930542509537,43.00905530173306
1,24.02086842403802,403.74451686205765,37.529182146885546
1,24.352067568828463,402.6253878426115,49.230815061732415
1,22.99693259184341,402.14522547523853,47.57735542366364
1,24.83000304462595,403.7495770670069,61.721339708338
1,26.39106636601374,404.48186599436593,51.11882389937709
1,23.965269740431847,404.3584788166457,63.92889253646263
1,23.53432047548897,405.5771692963567,56.093828179834794
1,23.722680533464644,407.5562719230384,38.22268976131321
1,23.336144052774195,405.68536473679035,59.17077597162377
1,24.005373197647323,406.98226691144293,52.45638348732639
1,24.907237949794634,406.99446074345326,54.19392836863149
1,24.098678852985383,404.66284974929255,48.1852245268853
0,23.13165013006605,406.31929670048095,51.95089970660663
1,25.23437710057479,404.12224933872267,46.92473855141916
1,24.20768699399544,401.4485931258558,52.40843533211876
1,24.620966079905596,404.4806333163313,62.69632146353165
1,24.301925211820507,405.202437352848,46.48576188585021
1,22.105704877058294,403.1036829888177,44.46278239883736
1,22.743420120389327,403.21509853007205,48.699090107740915
1,23.898414724118915,402.7385050469412,54.79336422999118
1,24.70957195376828,404.716424335451,44.82082559623662
0,25.362428317402916,401.066537365866,44.05359332397815
1,22.680627493828467,405.63823862035537,40.44553278073847
1,23.09394717751528,404.92688240222645,57.65929612837425
1,23.9281230370741,404.48457702514276,57.87176879840215
0,22.637429438650443,407.38253810835363,48.89707803434301
1,23.788068081300867,403.85768526323903,63.93727615396102
0,24.69794882666566,404.7058560307719,59.674944216514135
1,22.92234805001549,398.7801910602604,59.265066339515016
1,23.99190197049868,399.15190975291523,39.309519499739416
1,23.355280122311676,402.82674496519667,60.50890872781795
1,25.2866488228589,406.23593834844104,52.43389221446842
1,24.63742549744215,402.694173423242,56.28067101193125
1,23.5197863726445,405.43732467393727,43.3844399710581
1,24.738864607286747,404.03330739792,55.76822204022454
1,23.978911797189586,402.4699456951343,52.159982669045945
1,23.895396260507646,400.4770465151937,63.611501112334224
1,21.606445074414424,405.50532219272014,50.25155110850173
0,26.04424241581545,402.3891636181169,53.66516371297402
1,23.952804521688208,404.6895179141575,59.39766729436256
1,23.101541498166185,403.5218856667614,41.046295773940315
1,22.97279989336318,404.60725640486265,49.14354979373766
0,25.73730494084266,407.198147695263,48.2224976908415
1,23.461791190831622,403.0639099702308,40.60806103041101
1,25.875078437855258,404.8554593822921,62.022042531085106
1,23.065156766184565,403.03584932873343,48.27739729795703
1,24.65682084264198,400.654582913668,41.249883400036694
1,23.729707334477848,404.669357440546,40.989831294187255
1,24.087808869966846,402.1511464998889,45.684470912159725
1,23.958159338281924,404.32246969382084,46.12770093944588
1,24.679711336218865,405.26662283446746,63.91322590508757
1,25.602394803946787,401.6357747756437,57.64837933355813
1,23.661744432230485,405.17960536310176,53.86389241873785
1,23.855363506343448,402.3825277189043,45.386850193543786
0,24.04247161884355,404.5943473334511,43.8032581972428
1,24.905541428480767,405.71687302291036,44.48100079371787
1,24.76097280414786,405.1411861162241,52.15304538247729
1,23.00667763062738,408.0399390141882,53.742608986373554
1,23.159119009666732,402.3283089225397,62.52418790898524
1,23.594232672811774,403.160488552869,46.09674128312265
1,20.702050540171047,403.7043363138603,38.881655041508026
1,25.38446592854143,402.8504296389149,53.65348257275076
1,25.33393867391334,406.4859630063752,48.539140274821904
1,23.654607446434596,402.47548895943703,52.651393237514114
0,23.55977730327057,406.48777816687004,57.84397210117063
1,22.867701760642014,404.9344220095803,57.66932238081863
1,24.136171542163883,404.2662814649617,55.83537406205815
1,25.32669313456367,405.4420634893162,38.34079448879676
1,23.93017890175532,402.17447037156285,46.92171127771331
1,23.129099858393424,402.0752473752996,59.53976350459207
1,22.968154996980342,405.1205460083913,46.21947880591223
1,24.872928907279366,403.90650774796103,54.06197363715201
0,24.905492069933903,401.4248682663389,53.34239481036579
1,23.383079517560557,404.54542764207736,43.490112024367946
0,24.180569256996755,405.00931561184314,60.39600195101691
1,24.402020499519434,407.18553543316966,54.065429611622555
1,24.789653955153025,403.1740936454685,39.54295083375883
1,24.87887973157342,403.9524087731656,46.77173607299778
1,23.802252133561353,402.26709925616154,51.315485439249855
1,22.205272498200817,402.23889390937717,57.78449880577957
1,23.32785488475942,405.6825356899434,54.51242810224583
1,24.992426163453594,404.0284249346445,59.96518392459896
1,23.48444125701045,405.5078108529952,52.340543861931536
1,24.8613820748085,404.3032705106454,58.56134983424339
1,23.898663514135738,400.9576684716215,41.62966375873462
0,23.081356249631618,403.69370791966077,53.35580135295933
1,23.670571482013155,404.5837954266178,61.747083753375996
1,23.556472981887673,406.1018755822685,60.43318965924778
1,24.44752934416903,403.5226703272944,41.036103895580126
1,24.835515509258734,403.5168966217147,47.405627325095956
1,23.04903534581274,402.87389915632724,52.028559035447124
1,22.712716476911943,404.4436384680449,63.76375120413649
1,22.40777618067606,406.43448735670336,59.23939995275292
1,24.23911136625415,408.09497052455157,54.2577876477128
1,20.322047987097253,405.6567586418072,54.84888650462385
1,24.638622976178354,405.20940735367367,62.899391069237694
1,24.087952672408342,400.613973963997,55.519310418222986
1,22.096141602705078,404.7636155454176,60.48744091018635
1,22.290056063614614,405.04250004932436,37.76894012777929
1,24.19694843402755,403.37037780159943,63.7584598072803
1,24.556721266872202,403.6221403384355,45.63288100441633
1,25.278229517248363,410.10253752964036,58.870312233246835
1,23.81914609728627,405.84180552941405,49.92455850806959
1,22.23248497562942,406.8919830400408,52.93643312000875
0,24.125888063223147,403.868714144458,54.85857939295883
1,22.56977871400348,403.20877675635796,48.92746144219445
1,23.92254756362356,403.7229501091846,53.81658268411955
1,23.497213088252593,404.34065761941616,59.159427358188466
1,24.151880132482795,399.6074773680591,52.455687725930936
0,22.717848839258295,404.92349124763075,38.83436353534427
1,28.842320864439955,402.6733739807472,60.22248110326391
1,22.783328092138323,404.5469375424568,55.77752660961151
1,22.64928122476021,398.4118502339572,57.139355928978524
1,24.777561706489045,404.2663553273847,40.89800991487142
1,23.594464282858944,400.4361489866888,41.59064943728053
1,24.74171080600936,403.4428839798597,40.109092154049584
1,24.439289482303703,404.5527009584967,60.86197702154107
1,25.095216561713052,404.13099716075783,45.396022537198164
0,24.618328266713156,404.2884567599668,56.20127324835062
1,25.248838178764153,406.02410453438114,46.56094780737895
1,25.276872873597487,406.74561613181515,40.309345189764755
1,23.470426625580213,400.356326361719,61.95528020071774
1,24.851863168977857,403.87685969820535,43.46384364369512
1,23.46020382806147,402.9796738003811,46.328094968676766
1,23.017436728821295,405.3766779611864,50.76151146358339
1,23.524085361150252,402.71477565063947,61.70939683495682
1,24.182627569135153,403.9521497529522,37.999876885713725
1,22.44753783461241,403.27164888049947,44.31133653159576
1,23.059738115265066,403.75458105840465,43.55211048227208
1,21.527018265457087,404.2751703154536,37.89819286885329
1,23.0915589806211,403.460141603486,52.65657454799852
1,24.901431631914516,400.71483306626175,55.73144718021892
0,23.99594888440765,406.2211773975479,58.064473193897854
1,23.13233561242921,405.76524912013747,39.58334234772317
1,26.55986567641294,405.6513937110034,37.42630337687663
1,23.89071441365045,404.6985933644948,55.02044239738761
1,22.44611759758457,401.82439657779133,44.94139809273974
1,23.63111409051197,404.819904169362,37.21166673788773
1,25.107827732893757,408.0678933184951,53.47043308371984
0,23.86623077003935,407.70348477489085,54.728730732405126
0,23.732940341371418,402.94491150101277,58.92344327219043
1,23.524063441299283,403.44338494803844,50.93294490451744
1,24.787511547001653,399.579792281444,57.05318061914058
1,24.439389560557586,401.66422560789647,51.17265776100642
1,24.392821579722792,405.0181310762173,58.154668664444486
1,24.06946967746392,406.2622247501362,62.6539925621965
1,23.108253378395855,405.62360645994744,46.40344325461429
1,24.20717747858288,404.65630545058633,53.047624347270464
1,24.300547923902165,403.3669557598698,45.9057429879611
1,24.695653179902305,404.58051195606583,43.499684763998026
1,24.294126778677462,403.40672707193437,37.36038004380964
1,22.961671700309846,405.7094238880157,53.55545375887485
1,23.328786198554134,404.421181974959,41.23896084676391
0,24.981468081103397,404.61920250978375,47.62548446422976
1,21.853221659840134,403.02499268867507,42.29377346358001
1,23.17822431378101,404.795935913383,60.633810150228015
1,24.590260375533216,404.1626660321227,50.151015350439216
1,23.21829639902521,403.4133796889135,39.04484198488028
1,26.472337288689285,406.0345246651668,61.483870363242936
1,23.878909273358094,402.60983392987094,41.94035510093681
1,25.907395726285408,405.07922978515074,56.98968653194845
1,23.58235767425415,403.29997458168424,62.87969041303918
1,23.113577027967935,404.4880911754914,50.288015835480735
1,23.55703932659892,404.19550942662374,57.21354466385124
1,25.08080556980306,402.3757185964787,61.08267194684204
1,23.952566181824338,405.80631606341166,60.516110215154896
0,23.19497748105438,401.79115655553244,63.28503490977315
1,24.286068670304036,404.5389046305493,42.217534121216026
1,23.198432214204587,402.7634828896283,61.799467460018676
1,25.834947324287544,403.2071222310387,39.90190866391878
1,24.92581111919331,404.79273937648884,61.33485453732621
1,22.75043374147697,402.9131959058732,45.89541757407828
1,24.97554456149689,407.3638042030583,61.095564744272835
1,24.13788481564746,403.2117198741958,56.28586375888041
1,24.34825154816834,405.43893436290927,39.841606248180156
1,24.406230349927466,404.2805918419714,45.78914138480913
1,25.58027205915279,402.28134132240706,61.89991608574451
1,22.90762809249629,400.82078630528645,57.204104870608965
0,25.45666104847853,403.6747301533101,56.77720432050775
1,24.687797342628876,401.36462757096126,50.84877637748359
1,21.14597176382896,407.9394610554087,61.55135873951022
1,22.19143880232484,404.09235679858654,41.552965395566325
0,24.821071871174407,402.92159634238027,52.847740119438924
1,23.440259713442128,406.8184043623231,43.14464464999315
1,23.874791064332335,406.9470953884778,41.58435223407153
1,22.294043494960352,402.7109599285313,45.23307926434221
1,23.950623215182226,405.0424260007515,39.66719086839544
1,23.06732375333639,406.3487987591132,46.98511069205151
1,24.993447129644323,401.73433574354505,39.83490965970551
1,24.706561103673664,404.83426031509134,48.42859208180914
1,23.810785495603774,407.0641177259823,47.51778190271458
1,20.769116975108595,401.4025533114657,63.231723665985925
1,24.37391556209858,401.91998652270377,62.6055299202356
1,23.689409446699344,403.8093353428542,58.62066250978771
1,23.95161559511125,403.5316620043047,57.38053756288066
1,23.985251766485934,405.68405034140176,58.127729319965596
1,22.766491657465085,406.48012658428024,38.64081337974912
1,22.711826525994308,407.0291475228873,48.98480113477471
1,24.801231760778734,407.59533880228236,44.19279069233903
1,25.688175185947724,400.4570133947395,39.955739449144986
0,25.327609447890328,402.6449232979632,56.923411776485295
1,25.688324476962183,402.76609424420974,53.29990813778842
1,24.3432004728241,406.857380652309,38.82865941262527
1,21.43252430676355,401.1404306542845,39.63158866689045
1,24.527961072975952,402.6428987644689,48.31733652309924
1,23.092049762032154,404.40705222565646,47.321740041152474
1,23.102858532995924,404.1229389206425,44.95787636677423
1,23.26733589960702,403.71236702258443,57.654536741814844
1,24.750706048502323,406.8744696642567,41.522859555543604
1,24.522188207451073,406.0335600442183,58.16029082062232
1,22.869295705058782,404.69642462349395,43.98851412809489
1,22.35019875278535,404.4271150414197,55.97975611095145
1,23.89976539283904,403.9027236011973,44.0841579478998
1,22.843352087568107,402.82907540775346,41.555233106984936
1,22.287949577713533,405.2939673585054,38.70802671252912
1,24.374224483008756,403.13766368378657,54.62750808548796
1,26.31968047510258,402.91711747375456,52.74813195848708
0,23.6828571582924,404.6126957987147,49.9092551524036
1,22.883805441042668,404.72111164097095,57.590104629705564
1,24.00442663425936,405.5229406136352,57.60526689779489
1,24.566561444060017,399.85437321861906,63.99633477360547
1,25.1178446825701,404.03482480263676,48.017107824207734
1,24.029706331687457,403.06067025069024,60.59494614695534
1,24.743670217167285,399.23496085780124,46.97025868427231
1,24.92790935140423,401.8345321928535,44.73150902805302
1,23.41575291244716,407.3223713495889,41.59646542750622
1,24.116740634506392,402.99851138952346,41.464032883479284
1,24.774433140479214,405.1081073256166,56.75125464902503
1,23.317449309562235,409.81704035927123,46.66074465370965
1,24.055422533955753,404.2070993397016,47.08282163751605
1,23.649619313753252,404.12679476722633,61.348679181856056
1,24.10798575152815,408.8657145568861,60.50922567706256
1,23.913014181865,401.9950908423531,55.26506092676891
1,21.724981261207184,402.7392307926058,54.22688790787989
1,24.436591792997945,405.77475117303624,63.93966100101211
1,24.95891969968865,406.4625127291674,56.997446723920945
1,24.813940066943978,406.07875546495046,46.63992411402488
1,22.53634410450592,401.01948651871044,45.728087990968355
0,25.536856685118728,406.42737617489905,61.35457346085748
0,23.436801680507713,405.7308872644216,53.4889452127441
1,24.98821893512682,403.87656607413965,55.11595405351797
0,23.19914073253547,404.73575683934246,63.785773417004705
1,24.1675887275029,401.0500680509234,42.58677179714941
1,25.001813390568785,405.9659119258813,61.825576253261644
1,23.343805375394208,404.1816188891375,46.55732666039991
1,23.197679692007387,406.10399413444975,47.15251679814658
1,23.75946242654323,401.97340111727635,58.08835766830605
1,24.379495591514242,404.88061433411076,55.68239714099145
1,26.120935208329463,404.12339439862876,49.049235611130186
0,24.04542745358535,406.14880095605366,53.05473589611902
1,23.75085253043146,403.6859390367797,56.18309987976613
1,23.19632632439545,403.5928616041348,51.32252113083099
1,23.34001378326451,405.5617354953562,48.1534924777809
1,25.375920746366553,403.73746222469754,60.160229987432366
1,24.26317281063637,399.21974831531054,55.25602955524086
1,22.33165028520544,403.4370722125039,46.23888815575283
1,22.92503536513928,403.9896560927868,37.54856564914324
1,22.211350398090513,402.4331076710574,47.18220452959389
1,24.814070827475444,405.5594880670111,53.226768491818376
1,23.788320604266087,403.8898622073752,63.31380070683752
1,24.260974107712542,403.9108503260748,44.26731562609151
1,23.80989251646381,407.44228349246146,49.57277080782871
1,23.593030157008855,402.3367862450132,38.40782136879054
1,23.49652056776424,409.022742710708,43.385225965985526
0,24.950346606659913,405.00401245151875,38.56822589767321
1,25.069953392827408,403.74761495061233,38.35367621812656
1,23.2074682535166,400.702515792923,42.71687200072583
1,23.351679139998733,402.60135187305343,53.1187526514998
1,23.819481714219737,408.2683738027048,38.386019593030426
1,24.97141683963002,406.1528755529343,50.09912409810194
1,23.924710036017125,404.54054725492483,61.96044569069507
1,23.311498138627808,408.88423933043,46.096316535606114
1,23.90327188991725,401.60676783412896,63.3587834930277
1,24.63104449558238,400.10767184410486,51.014860732135396
1,25.065841664992078,407.3441296192081,41.093250048027656
1,25.086319834555844,406.7953753172281,39.058288396960684
1,24.80306460921181,403.56636482598253,39.35949222412654
1,25.045437961202772,398.9828955608538,53.30166644055736
1,22.518410729206664,404.2753297049393,45.05028544192321
1,23.010032280566996,407.23431728678133,62.550493125890654
0,24.428304440857698,401.73793260608295,39.5498831056475
1,24.693385443882946,403.8930490548728,48.0117479091839
1,23.04961368368397,404.71981418922167,56.85301518687831
1,25.263597096467944,400.89963291558706,49.68999283093973
1,24.66837346559624,404.75244358180436,39.734230117846124
1,25.013367298382224,405.0823714377202,58.73852308140263
1,25.102707235614798,405.3679989268147,45.249428856805594
1,24.735660933554534,404.5805794058351,43.598334712902144
1,24.038570044450633,403.8820656036361,37.52212096304621
0,25.562914257767655,408.6631307215906,48.08233136296242
1,22.53910933503921,405.9204405652271,42.43427413033797
1,24.524260438430478,408.2560039273461,50.02456563519414
1,24.021856470239626,405.44476578746975,52.70811993226857
0,25.34537979485075,404.76833033717753,61.82266143211906
1,23.507382242836115,403.0520361402195,42.26414746006948
1,24.318632983819242,403.937526488458,46.62997337236635
1,24.314568695292564,405.1764696542291,49.662166665428664
1,24.982553374575176,404.57555937002326,42.36277294506918
1,23.843995591965953,402.9975159686586,41.09827092058126
1,24.59889157887055,404.20741306651496,52.799751485065514
1,23.688446242826835,402.1125844636674,37.814270930560596
1,24.628018319533272,408.0366565751814,54.1126190424191
0,23.69600615569656,405.6901416299683,53.091705430572276
1,23.850336375542987,405.70074826642053,52.77331722204847
1,23.93910237228085,403.72396643770816,56.03665919440672
1,25.07207767204598,401.0225848999726,52.94007192036729
1,25.213601377072905,401.1023689242562,59.597340128783216
1,22.215464453769442,400.70253866075404,56.99455455542332
1,24.043426477498834,405.77927199054125,43.17446435369428
1,24.045172667568462,401.330844723589,41.39539836604988
1,22.076283213276888,404.8635333066607,37.634885686930986
1,24.198295751774907,400.7507136687767,63.94115191577494
1,23.11025307819063,402.9846310149497,43.37048564615835
1,24.955978324189903,404.4622501963569,39.98803096620527
1,23.783256680434448,404.620336472362,42.14091132934537
1,24.834307573004434,404.1279947449206,49.69364940476768
1,25.743113923243836,405.5774028103529,60.949969956468095
1,23.681150743971692,405.65626861744096,50.55586824524265
1,23.708105088756962,405.00021636532944,56.6368816477896
1,24.547777864956092,400.5169534631039,38.25357713629376
1,23.498109794335807,403.3993805143958,46.9098391367434
1,24.13907993378504,401.6505276177672,46.21584350299811
1,23.86889628603588,404.90273842736775,39.72837793757436
1,22.791839179993723,405.6249035133997,38.18716612000875
1,22.621706998965692,404.1215770262448,59.70333925477756
1,24.042905016017457,408.0066183724444,60.34173177659023
1,23.88138197546787,401.76922784173894,52.85164148414218
1,22.69199349437391,405.00440120661597,39.21047387065065
0,23.226558185917725,402.69204647011736,57.48904183336751
1,23.75950588079398,405.68786627905666,49.780627696330825
1,22.671092196383132,401.6910524723543,49.65055322935283
1,23.700630987161354,404.8348088404493,49.43975522360117
0,23.565047760027397,404.34645092292914,44.63110373054453
1,24.745956230205298,405.7336025391674,48.640058562703686
1,25.352971543187333,405.87513195846776,43.55818445565225
1,23.60357829859139,405.0535609334205,42.51548753811656
1,23.352803486577304,403.30985786759754,41.91321247096285
1,23.669276638863835,403.6000286749796,59.45996806697731
1,24.295232797818265,404.5420713821691,50.0772931058976
1,23.08382019885977,398.7760379095743,61.26558743086717
1,23.428647880684707,402.4982907656448,42.16422865356581
1,24.375563082100253,398.56188748738373,39.208169089593774
1,24.32159694254916,405.4589514469516,63.35501298106098
1,22.517866042968606,401.0221669303153,60.618522414945616
0,24.803545095040317,407.4515130389784,59.34911988781047
1,25.38912070318109,403.0675498623257,41.24695084685286
1,26.487692747670394,399.950250168164,55.9030557297112
1,25.41231183361188,403.65638181733016,48.08325976882539
1,23.756603492784176,405.4247580103438,39.041775694873564
1,26.240708316088334,403.83716332998716,47.45303554053308
1,26.730139018168394,404.607763319529,56.324766670408074
1,23.020700853343328,404.4542810628981,45.809382461154925
1,23.952357948399168,404.1109644854481,52.312152617580686
1,24.72854863519617,403.8790644253731,57.81176966778551
1,23.26183401034191,404.18117523021317,63.06930287095664
1,23.036165123885812,405.04222483583584,60.341476780233464
1,23.885610642237435,404.7013069422723,56.75681004196316
1,23.32061410048746,407.7952034268726,51.460551578683294
1,23.65721630075166,406.8367445776713,41.96964600457406
0,24.450368615246866,402.7913684355234,62.878084595453785
1,24.930190144742088,399.84840594731526,53.2817705943493
1,25.01512724488331,404.98219277838507,46.472427565227896
0,24.255346132680927,402.0407045719041,57.49391322741106
1,24.513497184428687,404.17075243822933,49.926344384844285
1,23.80101190168208,405.372684236267,56.39104263648145
1,24.67643146859585,406.66000085734527,48.055773122180646
1,24.84253190559473,405.6358687177654,50.259502930108624
1,23.805805697134794,406.7747576137564,57.399725989682125
1,23.877466494030852,406.4514650888547,47.25684099110674
0,24.937602337132034,407.0526687597234,41.607127999998845
1,22.913607386719917,402.00645466800364,43.3833907680513
0,24.78386662696593,401.3173211762834,39.64083772081134
1,24.03001401397286,403.8586404773064,52.68159928879798
1,24.034478712294657,404.8408471412555,41.08683480347371
1,23.157116985296106,402.20855480952224,56.69252154190584
1,21.794110251703614,404.47478277848785,54.93638852848579
1,25.066872378204238,401.70230772989686,45.9368302730771
1,24.927154492730644,407.419475801703,38.76363179347998
1,24.944803321167818,404.4775432600074,54.887328190267624
1,22.529966436966593,408.5820764907478,39.3123979086535
1,23.45582448300316,406.45886100520306,61.50472637574062
1,22.50649726831431,406.1628734924344,43.940357709262805
1,23.203441383319237,403.1528703305449,60.78528107941564
1,22.77650100360121,402.75712331310325,57.43098292542089
1,23.860684767415542,404.6082041543791,54.59620197626009
1,23.413658908612305,404.6378390796017,63.61228222012006
1,24.924878294290163,406.5428765212021,46.79171829097382
1,24.587647941318608,403.44530176152074,37.56092203418386
0,24.90337889926604,403.13999616249873,59.12446933660086
1,23.404878183660674,404.5733554366818,49.70364560033563
1,24.59189814050015,406.06803557158327,51.5012099628494
1,23.123513028589272,404.3136920817763,44.425678973024446
1,22.432872478429555,407.0406707805499,59.697933626925
1,23.30155170070857,405.41221360691,49.11672549008337
1,26.762818940193984,403.4540026149893,58.312300613126766
1,23.90037784233031,402.3175234710631,50.881761608599135
1,23.843074942885103,404.3447115400187,62.79030885872412
1,23.310605580070828,404.70557762406463,52.6962620032916
1,24.770276565001037,402.1337360019416,41.071272338105935
1,25.218980546477237,406.81948862116093,47.953561149593696
1,23.400317924438866,403.8365933121761,44.547658345696796
1,23.343976960671633,404.2129337909865,56.77351802574548
1,24.377513208256058,406.0359818267486,55.25689564382867
1,23.842039194386288,403.9813760077219,49.69920577027071
1,22.296359995379035,401.98745266036775,57.39210548514097
1,22.898601185240302,400.2733418054066,60.91754819238882
1,23.837987091642454,401.7414841561877,57.22579716511805
1,25.234192644361155,404.3013478858231,51.901215448721274
1,24.12724813530847,404.9243984709184,54.39808390271903
1,21.40957184675723,405.1572974610091,52.99948154944626
1,24.843677465740633,402.17716290345345,48.70902760556199
1,22.80426470338293,408.5244689360387,61.9746445059236
1,23.920639727136415,407.4778224174064,63.2808635181303
1,24.087010403517986,404.1936504199863,60.827401189453084
1,25.461354763192453,401.9351709514322,43.133348556486325
1,26.27089506555601,403.3108229685199,39.91775587522383
1,22.916609810451337,405.8153003892051,59.86897205163788
1,24.704325319780082,401.5807896007335,54.424490411712696
1,24.05534020491117,407.4280357592715,46.30355311011744
1,23.80246468658987,403.02127357741244,60.31666334729074
1,23.483536956845814,405.26414208870426,63.814735843796925
1,23.316976513195556,403.0199229022255,52.311486267088625
1,22.76464771461605,404.0569945603023,48.35067547967943
1,24.640612560545975,406.9707831100587,44.02930379454869
1,22.228517067603814,402.68140359395,43.44379937917472
1,25.752826364514895,405.21925819206604,54.86332961091888
1,23.434050266880277,404.6586097466348,62.28441407919273
1,25.670639717629292,401.115940906231,46.18299639181608
1,24.54657637912703,403.4924419156026,43.74675483669262
1,24.558780384250195,400.299991899403,52.102697961573895
1,24.819100185093575,405.04672591097346,45.82392743571536
1,24.618634943410484,404.4430641198272,44.36819874666511
1,23.696684348477852,404.0019953251811,55.37347615671025
1,22.443879851445576,405.2311529141748,47.03006305076684
1,23.755847561882916,401.5728699941238,58.63071602107633
1,22.700349235864824,404.453716315931,48.091693063388995
1,22.73487286490101,402.3728362415582,49.703489913247154
1,23.995227348161386,402.0947695914649,43.62622126260316
1,25.001321440041025,401.39988373059975,55.17455155785696
1,24.036969346956056,405.89218978191036,62.127087147541374
1,24.820183796370124,403.8760130650726,41.56525827784924
1,25.101622844617072,403.09745492461326,40.329320532046886
1,24.689135195075462,402.3715577297355,52.96560866531641
1,23.52404576334344,404.71933815016394,53.05562274884109
0,25.03621760986611,404.01572335421673,60.38962264650657
0,24.581418704750412,403.1840983847879,49.98339895542061
1,23.52185773629435,404.2220169668062,63.50152574422081
0,0.9837236364780546,4030.830236140312,100.38786450801304
0,0.99190956395082,4052.7066609150643,102.5034184112769
0,1.0120193540515352,4028.228067901648,108.8905790551055
0,0.9808030501493593,4025.195158243401,120.62911257990321
0,1.003415445988446,4055.551547407203,118.59102603002705
1,0.9898542358939911,4041.5147404592803,100.3659108280477
0,1.009022252954145,4046.935925663048,120.19322204102804
0,0.9848868591292758,4044.318139320553,125.34343886736423
0,0.9855284054855258,4041.0503406304438,116.84500830725344
0,0.9893029732661123,4044.291840294662,118.54421149525712
0,0.9794622823629157,4033.2949424557496,121.00549568955546
0,1.0027253754213648,4047.381285693488,101.59803314348542
0,0.991811351727756,4054.021946350939,97.2034316740841
0,0.9981123678910879,4038.6821549273523,107.15935380634413
0,1.0158467714415742,4036.701670770771,97.33339139575469
0,1.002650195272395,4060.8128812034493,122.50580149505421
0,0.9939146483723721,4054.772817290542,105.99675435790823
0,0.9923164441553072,4044.495021714648,107.17233420463332
0,0.9931319304642918,4039.5653935229534,103.27390195557888
1,1.003433949962357,4033.1494583004187,114.58730804792424
1,1.0045542172077977,4024.731390021951,103.43552459101318
1,1.0102088845864188,4032.7295837789366,123.96821500877229
0,1.0037905086110412,4047.748243973756,120.84670417529526
0,0.9977509022170086,4031.676966386251,124.05824306122533
0,1.0011030673455272,4045.040950073124,123.3112387499856
0,0.996420625270296,4046.285074406116,105.29421377031355
1,1.0174614064097447,4041.65588459626,119.55668699832691
0,1.0034591428580562,4034.5233405090403,124.95279749237642
0,1.0026073986191366,4022.41555695229,133.70405837282823
0,1.0096329765035488,4022.5485161582924,98.7714608837915
0,1.0104683247888113,4034.5991783791665,131.53794275200534
0,0.9891461325166909,4037.2063661691495,123.65234451320771
0,0.9936479688510582,4041.1810057285184,129.06515202582892
0,1.0043949317347927,4043.9202980752984,104.98004795680009
0,0.991225592077077,4039.7428714302077,110.31755325829666
0,0.9992587809588502,4044.799473157559,124.85134072768894
0,0.9991360726699066,4026.375710207599,125.35412959104377
0,0.9903938084243822,4037.4693308997785,113.69848155490229
0,1.0071393552649752,4054.325220132146,117.66492129525463
0,0.9935595967335339,4054.765033402877,103.35568306829032
0,1.0054295195354548,4041.5731674311933,120.11349228152454
0,0.9937545695473201,4033.017729879172,111.49964443263552
1,0.9955911293778678,4032.17046143644,107.85834617361355
0,1.0032338200593025,4044.4700261132475,99.55401202278227
0,1.0086453239197712,4038.7023867174094,129.27849558285544
0,1.00084833840384,4032.5241800471845,102.48699004855467
0,1.0106305835602534,4057.676340062797,131.06137082917627
0,0.998483705034512,4032.888438542312,112.46548342259392
1,1.002484092071155,4039.5443253176427,100.36267921237447
0,1.0127488221449656,4038.6755585487,122.93024016097358
0,0.9973112187839962,4022.745756473695,103.03907555935305
0,1.016783652902538,4041.468211711246,112.37155535409394
0,1.0047190778518167,4043.5356843902755,118.219219415076
0,1.0081779809498133,4028.213385428549,131.5925358368828
0,0.9924196847529679,4038.1979216817376,100.48051653212617
0,0.9901997493210092,4039.077356639829,113.17016851224656
0,1.0001587190292829,4041.2399393441983,114.44842586432515
0,1.0154684178200526,4038.182729258339,99.07320808249048
0,0.9967559164330735,4037.079049989797,108.77521834528625
0,1.0133321168484768,4035.440152531382,125.03845124557364
0,1.0016332178970357,4030.1317279779355,119.79973699777663
0,1.0117502986484255,4023.9964217825814,117.02965116138094
1,0.9956437570656792,4036.9096921665373,116.49482415226892
0,0.9952070880432695,4030.131301976426,115.17010780198845
1,1.0104994264109715,4044.4379311224866,97.01375983884628
0,1.0045423172969574,4034.545857124351,122.2400942384767
0,0.9902152731584708,4040.327522017975,121.89280298034055
1,0.987873392285188,4040.53105465209,122.19062079637541
0,0.9990883345881361,4022.7610948115607,133.3398137265787
0,1.0162256330814283,4035.577374397194,121.69321828728118
0,1.018553597103052,4065.3910798812335,117.50227916154016
0,0.9973993327789715,4058.1912616141035,125.46887712606008
0,1.0075620580073648,4035.8244687458327,99.95707770373079
0,0.9865769625755727,4033.2692498434258,110.76997674989533
0,1.0135241746250385,4031.4329467881194,111.07362325499713
0,1.0018788003399555,4039.4761595239693,110.84258329932776
0,1.0099645514722573,4036.318811603459,122.49858237055327
0,1.0026949037646817,4026.8060625537314,121.23405838174578
0,1.0145543478975625,4034.159588010562,124.82927627940668
0,1.0072042996731985,4047.9784149352663,129.14004528821317
0,1.007479289132845,4034.5644684423396,118.44302245265035
0,1.0164047744063447,4032.3112334147218,121.7158531802322
0,0.9943772419093855,4026.1590863162255,124.34438454676237
0,1.0030830261816694,4042.406327188221,118.00672652364301
0,0.9988520390486099,4037.338118206925,103.60284395550319
0,0.9995233307710203,4025.072201039642,115.96128405393083
0,1.0034806886709549,4046.4364363010873,132.35889010494233
0,1.0008936532009771,4038.3994213462925,114.38873015173067
0,0.9988466876472115,4045.0700978670775,98.4438226116991
0,0.991608253700078,4041.6680470241563,116.31632616969877
0,1.0041342692702697,4059.7310123003444,121.15424403512684
0,1.0130124491622765,4025.3209062266296,124.69878383288332
0,0.9948051812926301,4054.2229037886036,104.33833774486698
0,0.9907868545962039,4045.4920339634987,97.49371194870102
0,1.004909578063148,4043.1139180084688,113.19065110047677
1,1.0086354289311532,4041.024944535505,100.33362497082102
0,1.0090278809085502,4040.4213984073585,114.94653242612904
0,0.9817412449221197,4025.240709992778,109.51271208172611
0,1.0181590159298854,4028.1225233456885,105.93569824601711
0,1.00820371050876,4038.2182001988335,117.15779821466717
0,0.9884412623621607,4038.1777607398394,98.59774826262105
0,0.9850264186240147,4038.7310468366372,118.99434988450227
0,0.983911052556747,4051.9812020676313,109.08338139025622
0,1.0104039577755615,4042.9272734333126,126.32175595448952
0,1.0060338733732923,4034.622362787545,129.07138500913274
0,1.006923920873625,4035.6382325032514,129.52544983130252
0,1.0206151455024361,4036.079900345612,110.59798677320624
0,0.9984230350929933,4048.962614186748,122.06143787277325
1,0.9901611480575513,4029.509130402752,129.14103642690938
1,0.9799765515027543,4047.017015051706,126.5076408004462
0,0.9968398240063163,4038.5551252046316,123.6623321729433
0,1.0069019121514267,4048.0673761837343,99.0285069207469
0,1.00975040669218,4030.171823284884,101.77038618191621
0,0.9932100107294266,4044.3788602605223,130.76263632195264
0,0.9977636473782145,4025.4322713868255,121.147054054534
0,1.0025048277810171,4018.694901817838,128.6574573007181
0,0.9923478443745651,4056.310053317167,128.94705443283183
0,1.003082996098696,4037.2500232770667,130.0232244335177
0,1.001406009536393,4027.111983314352,125.07128859948483
0,1.0173998611169648,4032.603350144752,122.46333682755983
0,1.0075434155658987,4050.600735713321,129.26125114103226
0,1.010456898760495,4037.925801519052,110.55251189379649
0,0.9961236881688812,4036.3557090981685,98.79907638868524
0,1.0078077598620379,4024.1408263666726,110.26601103813684
0,1.0013052952729085,4055.397635367677,112.37530797039817
0,1.0065267401220646,4043.214388335007,114.36663451633086
0,0.9981647645676096,4029.6920546572846,123.65019667069855
0,0.9872605113719117,4037.2458742767976,118.61695459629931
0,0.9945001672412846,4031.866169598936,127.17503048904348
0,1.0039667602617754,4036.013694914223,130.97288935197423
0,1.002499588293235,4043.6066351639606,127.43142134195745
1,1.0158861377258395,4038.062414300682,128.04273775695285
0,1.0136099874849238,4034.709936882848,114.61987555235928
0,1.0041706395587753,4039.7921530495128,114.28304848493987
0,0.9936729862780537,4039.9149364504974,97.98516444874814
0,1.0143039518781092,4058.689309082206,119.68061516248184
0,1.0021782353797262,4020.262984530065,98.4897169991266
0,1.0000646145224426,4035.3682728874624,113.18673860696003
0,0.9950435313943446,4043.471955325776,104.4125730972689
0,1.0204871751692348,4039.7057306400893,113.09111210747083
0,0.9859255415666877,4037.3838987514637,125.5996460433306
0,1.0034749097673603,4038.435556264504,99.49839868966507
0,1.0005616744567187,4033.768761784335,104.39330973142812
0,1.0071299111243528,4036.7601445823425,125.4273983059059
0,0.9823301420703127,4049.6801294786446,131.49802258783157
0,1.0112189861957523,4024.274273201223,133.70304018097443
1,0.9913351509365882,4037.284751484435,103.92706501271272
0,0.9993610833386133,4044.507988555222,100.82973715609658
1,1.0032066418593997,4061.3400335305196,120.08924968220401
0,1.0040621224968562,4031.101718446709,130.31990847427465
0,1.0025286261303887,4028.870444905597,97.70501683566638
0,0.9935922366462872,4025.7266262630333,97.96257402797649
0,1.0013665939011558,4043.0925669410653,98.3535055735978
0,1.0046261532951104,4041.7791130895903,130.98342077124016
0,1.0139707953205077,4037.4018969316708,119.58879726802166
0,1.0138434345130545,4040.6606919156543,113.50125538201316
1,0.9977634266440385,4043.4885061089053,125.4865594126966
0,1.0189955337082675,4059.111410955521,108.17492099699231
0,1.0035485600572052,4040.0856502750476,106.15347018379049
0,1.0105694514037977,4067.057936954175,97.08429250232246
0,1.0098821098985966,4032.559381164696,120.19898391113173
0,1.009067983168303,4040.012065388456,126.27741562386055
0,1.0020822687355773,4050.0393165870387,120.41123854980802
0,1.0092574316448957,4040.8461181585203,127.13015892476152
0,0.9997938617342094,4034.141469192833,118.25270639574495
0,0.9714164266247026,4049.4713491224707,97.1318735794932
0,0.9924024277268956,4047.651775032319,116.43421564660248
0,0.9971024866553433,4039.1195628377322,121.56267230486188
0,1.0115552135517587,4037.6528341313074,115.87052986274514
0,0.976955210027033,4023.0334386952636,127.29665571504086
0,1.0009262674854387,4048.521062767636,126.7991386867265
0,1.0095024996306985,4042.7336009627397,120.39645757194432
0,1.0135705067184781,4042.4767367773525,105.98066754260736
0,1.0074862369515736,4046.0320588603618,127.1100419071671
0,0.9958123559146959,4043.8561300308716,111.15275240231848
0,0.9802307293404895,4043.337430480123,124.65714932638461
0,1.0105774834626164,4031.4654228894497,129.09361740886735
0,0.998072588867709,4048.5740276848937,111.85056159784375
0,1.0062662368182496,4049.8812426603654,102.79030645719124
0,0.9935756833291245,4046.0751019093873,128.74275783043618
0,0.986254606741286,4036.6755715986965,126.01638507014316
0,0.9923789537070865,4035.210239943513,125.41807865096371
0,1.008559984058815,4036.4580821585346,116.26056737906666
0,0.9983210252983015,4038.448535917326,121.79965975522589
0,0.9950351572892944,4035.756358218767,108.44784529974791
0,0.9916076431709432,4048.841726244885,118.02191682174738
0,0.9882370867886845,4020.4967671501345,103.85330322283833
0,0.9997174094406273,4039.4127740243794,107.508200273498
0,0.9846647810370166,4035.878144858599,115.49127042746159
0,0.9933579874952392,4035.8543246871154,125.81113600248581
0,1.0047985424649575,4053.3330092897395,106.2969110826857
0,0.9994692816845309,4049.235603818633,106.46248118047981
0,0.9898267546543204,4027.222568463119,115.63254890933418
0,0.9890321198736941,4028.1384795590866,116.75945320859086
0,0.9935833142793051,4042.9604096219064,130.440008819597
0,0.9967638492649967,4016.5120537995085,118.22934808763245
0,1.0043319393725052,4028.3003177574656,114.37880727962455
0,1.0190436056728553,4030.4038938454496,118.52429142994279
1,0.9935763394444691,4046.1242005415857,99.6092006334335
0,0.9819125684737102,4049.842564308644,103.45448599209584
1,0.9997411050151729,4039.2500590401005,98.82556481691086
0,1.0022579283790671,4043.92951103747,114.38114263759228
0,0.9868486954740703,4042.795790686449,115.17526943002727
0,1.0086688333198783,4048.1779742674435,103.74790062294869
0,1.0015573756317229,4042.7526614448325,102.7379979456685
0,1.0042677186257318,4030.7176128660353,101.61922071326154
0,0.9858328385180675,4026.890399285232,116.7211114634971
1,0.998509326768593,4049.9058097618517,99.3615377338612
0,0.9980341070336384,4054.773926248401,113.08072372474987
0,0.9844754660718097,4035.4120335495945,121.79179054313602
0,0.9991686060248537,4024.373898825232,127.7696363425788
0,0.9980981838287396,4042.3459109396936,110.86430025776957
0,0.9989866311664107,4059.0225901695208,108.26073079273309
0,0.9988380283435114,4046.6239833831705,115.1622803566894
1,1.0043753690707864,4020.8074035631757,110.38337178965457
0,0.9887495564522502,4033.6225631258935,109.76378341819428
0,1.0012294282031833,4038.4680709445115,103.81185743554589
0,1.0073987201287011,4024.241899352655,127.51342896949099
0,0.9984753525835591,4033.7028184714054,126.12806332707626
0,0.9953549113825118,4041.3179597936855,99.20172852890742
0,0.9875011325813325,4039.2024582048352,108.98827615841675
0,1.0140768028091103,4046.1638459885858,111.48173444650976
0,1.0014315295475094,4047.538113586085,97.12524500852899
0,0.991972614022169,4053.885126609181,109.55788672039913
0,0.992886018429495,4034.5640177996847,115.44343086698065
0,0.9823401013290411,4028.066646749656,107.76551570671384
0,0.9959979782581265,4039.2325232168146,123.26426176534756
0,1.0034582137474661,4032.518938739281,102.36067057432966
0,0.997378651007415,4055.8111174170376,109.10760423427814
0,0.989270609226994,4051.1766564623185,120.83268805838352
0,1.0017380236632718,4033.1097200666263,122.67721038277787
0,0.9967656236455233,4030.5525991592276,124.82074553249468
1,0.9873885256221363,4022.1419791450003,116.51341724552012
0,0.9985345447992832,4051.383184579538,100.79943960719933
0,0.9980675837857119,4052.8145813796305,97.57072904211456
1,0.9936768979865419,4042.9591201670287,99.04850255826813
0,1.012701916305717,4045.4891569582,129.44959290127053
0,0.9890260703783457,4030.7404962326113,112.61422719623866
1,1.000324898503541,4037.455019587264,126.40956592703652
0,0.9982556604512985,4037.430725685302,113.08713425566951
0,1.0132413531900544,4047.4518581317834,132.12030027575724
0,0.9975809559481492,4045.2817254012293,116.175160355001
0,1.0131962740686702,4043.320483972656,127.2071263411342
0,1.0182057928006112,4037.131978934797,105.62259425027797
0,1.0044039952799955,4016.0218022608474,125.8040265500341
0,1.001851222581909,4033.407938884812,128.6321827225574
0,1.0049676360600297,4050.419913078536,110.12613041050346
0,1.0107883715903063,4041.175907218956,125.03162535904303
0,1.0101045887238735,4043.9510174707966,117.42361612885632
1,0.9916461181833535,4038.3185139965153,104.98449202191222
0,1.015293038573778,4044.4149003223574,118.0859761625752
0,1.0028454541102922,4043.4261101145134,99.07915487219849
0,0.9932295944957025,4025.729634426912,129.24084660592928
0,0.9926225143890427,4048.185952884851,98.43677839985389
0,1.0071333401833824,4044.3774215705316,131.74004226067103
0,0.9892044200478963,4032.13088081367,125.5030529362173
0,0.9966899841510227,4052.87637240701,128.5272244584532
0,0.9948803633428827,4032.575898632557,116.2885538476439
0,0.9849593862984299,4040.954088990911,109.76052895116422
0,1.0003478540125246,4022.8795600736744,107.17192680286497
0,1.0001832127139094,4041.9704768499455,102.46414163262975
0,0.9883190007037593,4044.416174171308,115.59218442422329
1,0.989646764706398,4037.813184794761,99.26375868865358
0,0.9921067291103908,4027.8416718490375,101.02143459395448
0,0.9766098437940023,4040.4643051380076,121.9755364656482
0,0.9840132981681866,4052.390357852166,131.9425812137729
0,1.009429364973442,4035.9635041715896,103.87604115633827
0,0.9963159438136663,4010.23903314285,104.51731031827389
0,1.0015546390171937,4029.7059282435807,127.10362362759898
0,0.9991430912426175,4027.08458060576,131.41180469725467
1,0.9797681631820988,4050.577825703564,107.08231298403105
0,0.989262787182922,4025.0417147900166,125.76931947984077
0,1.003995129151797,4039.204372078383,126.74577883321186
0,0.991406852889487,4041.7275968503814,103.4891403888644
0,1.0103168392922743,4038.555074552372,120.41772335082106
0,0.9906373818136855,4046.478877024751,112.87327935132231
0,0.9986647870754884,4061.85130065793,113.26683590955824
0,1.0018197831630224,4047.836520124511,115.12249005700632
0,1.0034064094190853,4047.1603006780506,99.7738213767139
0,0.9926031484462888,4039.9931516568936,114.4879420545416
0,0.9898853319801162,4052.406730027145,131.02644515519842
0,0.9924274755956682,4045.717152578967,126.3813216899862
0,0.9951749437829289,4030.943691157032,115.30002926425908
0,0.9960494600865789,4024.2588694876968,129.7538121172402
0,0.9922933261676146,4042.3013234082277,107.96286743596598
0,0.9999742355830554,4023.674774977184,129.31332389763463
0,1.002598286393865,4027.08808369504,130.15603220138635
1,1.003295664183177,4047.043577863617,111.42519007929134
1,1.0126069746040849,4045.0752553336088,126.83013616582522
0,1.0029271059447682,4033.9852082017687,114.58929501440076
1,1.0006695631666196,4045.913386429603,99.89705959600776
0,0.988145189830679,4054.3873199335526,133.90213129867215
0,1.0069187135552682,4044.260464369036,97.74113581825509
0,1.0084530187116347,4053.6447633092635,110.39785068246005
0,1.0122566603523906,4044.475664448523,109.40849644745565
1,1.0090313777714262,4041.633344256538,132.2881030335049
0,1.010836639870522,4033.36639367936,116.98174010811093
0,0.9965267804679614,4041.5486609053746,131.39832832750778
0,1.0022960789249364,4047.4478641217233,105.72277239255575
0,1.009154228051876,4023.533744323295,105.10892409497235
1,0.9978983800726862,4037.383795749401,109.439242665348
0,0.9976757473211203,4047.1607763714583,111.85200294020468
0,1.0232998276301049,4044.6580623026002,109.3559138528514
0,0.9920617351119001,4047.661550767545,112.98569395415389
0,0.98420807524397,4024.1620317323627,124.70801504652698
0,0.9895951248346024,4030.010042714507,98.36546929992303
0,1.0058462140094977,4020.3155875499315,121.46408418799233
1,0.9917708329818984,4038.266742576244,113.59163926140937
1,1.0078772824977136,4028.8731590535103,110.78320101701301
0,1.0142532639949848,4031.9504836437327,131.023295983327
0,0.9962579005457138,4041.416561349406,100.54893395885797
0,0.9914624987606367,4031.1060589963663,98.84042413267915
0,0.9910277266314625,4055.783933867354,115.8037236642254
0,0.9948323084589463,4037.076847650175,120.09242061417943
0,0.9959808497247662,4031.3390686279163,117.52840248071523
0,1.0142354602950892,4049.5723228049014,112.1386544444023
0,1.0117517465309156,4051.4019400961324,111.63292098286989
0,1.0012763549078696,4035.560090844137,123.41790728071913
0,1.0048148767073763,4028.1448997941834,103.72948523043101
1,0.9905336607940917,4048.514044216312,106.12606919503598
1,1.011555327812165,4038.836012218834,110.96551487008293
0,1.0087010828347605,4049.2730326687783,128.5158466338355
0,0.98890551474768,4035.786180313804,126.57324512598842
0,0.987280495735666,4028.55102714122,124.87321233707712
0,1.0190021238491198,4059.395133468076,122.29000354441862
0,1.006751483107959,4058.076471101975,115.71443632215512
1,0.9858063815275884,4034.566088651092,130.51302849939663
0,0.9916646478237999,4050.6396202740502,102.09449089538148
0,0.9995593926501731,4041.469543144277,124.88935734370367
0,1.0018231134707964,4029.431936436889,121.74065950087672
0,0.985326984110503,4034.872914846836,113.93426918999961
0,0.996252548129885,4065.0394559476877,128.8522913658496
0,0.9988883507569994,4051.60629974332,97.94504909862863
0,1.016209105486373,4057.9644862952537,119.9872322734732
0,1.014914206048212,4039.7587182109382,104.13976253037363
0,0.9992732957900116,4017.0636717288103,110.85822400704802
0,0.9988473274765558,4033.017432143971,116.19882078221124
0,0.996638280055568,4044.012947458067,124.77601890056849
0,0.9895712319965396,4040.4333229492686,116.24375265154212
0,0.9994467407463786,4044.4762930657594,121.89086941186639
0,1.0124901021392676,4036.321548769756,106.45717629245956
0,1.0169018659289504,4036.193290967268,113.4985226280827
0,0.9874803128495372,4040.705362060609,101.28721243623471
0,0.9897706200384816,4039.4059021447943,118.22303854312203
0,1.002080240845184,4031.3703413876656,122.85094997408278
0,0.9913848160159172,4032.9097972664676,100.6502860147642
1,0.9933639654523689,4042.259664005565,119.47629252299329
0,1.0009221399294983,4041.273882599982,124.41279678005901
0,0.9899305804049664,4046.5123121899796,133.15551597438787
0,0.9898191972368864,4025.9957005123206,97.32362993886106
0,0.9891489056985024,4026.3609639225397,127.54167504273013
0,1.0060817178199477,4054.491088394858,97.93271251812546
0,0.9891279351930717,4027.3012157439166,122.54852494522007
0,0.9883581797912696,4048.2015550301985,133.90121841607333
0,1.0105567364292847,4030.5788739445948,119.02864716095698
0,1.0041345993442177,4047.2528666692056,112.3340918746083
0,0.9893203124813941,4037.0081591304215,103.28404660956991
1,0.9821875689407485,4036.029314826434,132.24028679381314
1,1.0114761426147039,4035.1176165516695,113.15773031630007
0,1.0021848430315317,4038.004696234779,103.84635159475239
0,1.0066809087827118,4030.0440252482085,129.53493758022128
0,0.9965639245960588,4051.697665951214,116.53533825773982
0,1.0027406723825916,4039.1085067718855,98.05881308862604
0,1.0104709789116213,4041.9855502021105,127.24139029047859
0,0.9951526394890646,4040.8676467646233,103.61191437870278
0,0.992216703527006,4031.975283305389,107.5139179085067
0,0.9991909148430875,4025.1102348304876,112.68470721035102
0,0.9915533474152094,4052.9142735984524,111.71059358416622
0,0.993675873759689,4048.5121631497236,129.01740480949974
0,1.0033257232462212,4040.854960298499,130.91434932567995
0,1.0010830744590522,4049.325778517715,129.65020244125645
0,1.0034986433329443,4031.2287562932997,97.53887500524023
0,1.0096781774521955,4044.396629458197,108.35194422652822
0,0.979110999736767,4034.559593797579,111.20358710094807
0,1.0102979924130255,4043.398788648943,128.48834886672606
0,0.9842710513812412,4053.0527094373624,109.81554386644318
0,1.0083912437162363,4030.1524504131075,97.26927811414701
0,1.0081990348768446,4048.5331467899514,112.09287700937824
0,1.0083240105353217,4036.308539428468,127.95081073167395
1,0.9937248299337722,4049.352967010832,122.64442859487195
0,0.9976440220467139,4029.533687075095,133.06001585289857
0,1.019539283514862,4040.474939422709,127.5861069971678
0,1.0070981390396805,4041.2407603940073,115.68082512588555
0,0.9954306522991623,4036.500116693097,114.7448140087607
0,1.0110124254933415,4025.5602564333317,106.70108818640603
0,0.9967248475449597,4033.134023835691,130.99078957536602
0,0.997574096420167,4047.782116439623,118.43655141275171
0,0.9976549783113783,4030.005831137544,105.436423727651
0,0.9965299812057148,4059.428919114271,98.63272662009868
0,1.0076055627356482,4042.9277320801266,132.36377911627494
1,0.9993336803977187,4044.3959128951706,131.7233647540951
0,0.9864368535687532,4053.109567332842,116.55762315365683
0,1.0152818227860876,4034.552358300203,108.30002711685613
0,0.9890373690633962,4029.8889275057095,122.27215438486324
0,0.9951684048681352,4054.311000262612,131.6775597833521
0,1.0035578281992121,4051.8868069648647,113.62360845433814
0,0.989545882987349,4039.680880709689,126.8786479251058
0,0.9840192414055068,4061.051436305551,133.4417041806447
1,0.9916526272335499,4042.5234258479095,111.45074809231333
1,0.9990420465795008,4021.5740018893894,128.45425458397426
0,0.9986763033071636,4032.4662104280337,125.97364379127887
0,1.0146382927289392,4043.104432287211,121.53885321399986
1,0.9983407790875328,4038.260744223829,128.15372903865025
0,1.0074177545125838,4022.013178171672,99.54278544633023
0,0.9996943472857183,4024.638843589941,99.57978776795377
0,1.006311652773763,4030.109388786076,101.55168273224706
0,1.0028954418358527,4038.701446898519,120.18015069380762
0,1.0229524576923905,4027.6992471184276,101.43710759109067
0,1.0005722467264637,4042.7837812001158,107.5530011296787
0,1.018994994153137,4029.77279945627,128.50591979255898
0,0.9961282043776565,4020.3550129383325,123.42798336773818
0,1.0251128313264326,4035.54280157831,107.85467382679207
0,0.9932771295703713,4043.5214991097273,110.01099168027382
0,0.9913500580217243,4050.5597240871175,112.97382981112204
0,0.9960309762080772,4041.3292810567177,100.24587828772147
0,1.0005998169454018,4035.6209808371273,111.62230613751605
1,1.0068747149853707,4031.2392931480813,128.31365691247106
0,1.0116535136127696,4051.583476597243,117.61391568469188
0,1.0114895747980088,4033.3974402291788,97.69190457660885
0,0.9981735658867156,4038.931739755407,116.31151684044151
0,0.9851489329298269,4043.770855557139,102.98146307355034
0,0.982899829551387,4035.365477853659,124.59509211717656
0,1.0081124365587208,4032.949971296119,132.07580067809886
0,1.0235024170950828,4045.9429653608804,126.8052880893769
0,1.0085763369599183,4046.984090612299,115.57276449220883
0,1.00506403728268,4027.4870198571566,99.96317560613817
0,0.9951266558466483,4023.960448498318,121.8243108710773
0,1.0082299413829852,4038.9178303831536,119.29177102289957
0,1.007825177090092,4061.3256674509626,120.69308260403488
0,1.0036811461249846,4036.6325573749655,99.40256524189235
0,0.982040528796883,4037.5158869406005,116.15627758671259
0,1.0007541912838533,4054.604414013589,100.01083606850108
0,1.000686239335863,4047.791266700635,118.02324704474258
0,0.987114498978448,4041.4619302047536,118.15149754157963
0,0.9953842877764411,4037.597203791273,103.34162995102159
0,0.9893840571600669,4043.731016394384,97.15860675001879
0,0.988674735859506,4065.623297709898,113.00197592894256
1,1.0026254974775577,4031.2727310393434,118.30579567617953
0,1.0014726997514887,4034.7855529589756,110.85015493425082
0,1.0124214457510656,4046.310095975106,104.87575667718559
0,0.9989416444126262,4037.325214118517,132.85897452519367
0,0.9932838498639084,4039.028451668576,129.09094046129906
0,1.0067558903696519,4034.076187161832,115.191492169287
0,1.0052339138153719,4036.9619639588877,103.48719231922746
0,1.0022405506275176,4042.9900972770683,112.84033843863376
0,0.9958609404936084,4028.4501817036553,132.4739480838487
0,0.9857628166555361,4048.093277187264,114.24194356409812
1,0.9953593472896332,4034.4232382770933,127.16962524819229
0,1.0175588830421436,4045.3847412260498,128.67759487819748
0,0.9887671291976436,4037.30014143509,109.89541188084453
0,0.9997207664435299,4046.7942912024137,109.06196423788592
0,1.0041688932480164,4038.6608006887914,127.75991500812448
0,0.9973629513563186,4031.491413158056,131.2901825812201
0,1.011611852977864,4045.7373754588166,112.6151442104522
0,1.007150639721217,4041.4921670083413,110.54436460766763
0,1.0060224756486122,4060.4373002095663,116.7917907405061
0,0.9989772477171411,4023.9851307329814,103.45855106734608
0,1.0001327064951693,4029.4312128416773,131.4087910293983
0,0.9864781102997551,4057.3303550327964,127.98440620895468
0,0.9907288868906247,4061.0085287355337,109.32556904072722
0,0.9718326252620311,4043.610521736477,100.75097220784603
0,0.9961096501294299,4043.346128718657,112.5854932736537
0,1.0038779083802012,4047.598949813557,116.29302030793882
0,1.0110864547011424,4042.923164021591,126.77250254465592
0,1.013105525119452,4037.7806068809696,126.55116100671681
0,1.00792933742276,4043.5308641243155,104.98804025532247
0,0.9954626194602357,4048.920147648607,122.62525179553236
0,1.002605374561154,4055.2337360235047,98.95132683020752
0,0.9871451890213369,4038.5621217202934,111.05405901613136
0,1.0085796066455777,4052.272266990367,121.81076466472112
0,0.9914004606892655,4045.4824582492447,115.4241463119227
0,1.0028607656001298,4054.4178487862837,129.37804001176687
0,1.0181127080001784,4056.0310291688306,101.8616383293989
0,0.9988166099209789,4059.5460751424193,100.93710975452056
0,1.000650395268933,4039.6742926202305,123.8042764796611
0,0.9860415659649824,4030.941629760847,112.93710198777845
0,0.996716740516298,4053.4306503139123,106.53245144446188
0,0.9944085263267707,4048.7927929666257,100.34621763437966
0,0.975803288556395,4039.2771298733155,108.06888988817066
0,0.9966622414418528,4027.521509911818,97.17526709826453
0,0.9985015658535324,4035.205948658838,111.8047644253659
0,1.0043853163794103,4050.1729567406137,119.36106424521611
0,0.995630250790112,4038.356097113347,129.43356731634435
0,1.000647944301258,4053.3550408398823,118.24533710635127
0,0.9944438332971591,4039.9870157773526,130.00730104892594
0,1.0035314872162358,4048.5537636054473,133.06681426305002
0,0.9870559546515664,4051.91050522804,102.71546307723048
0,1.0131618074030366,4045.689191199685,120.19643346625975
0,1.0163087438212741,4028.8594806474116,104.78792420140503
0,1.0000247612729904,4012.850128597606,109.1956349340569
0,1.0052872778359192,4037.2501165107515,98.49952284088289
1,0.9904252760620346,4047.49925173861,123.62658587443599
1,1.0075441390689992,4031.466263952156,129.18025554934553
0,0.9853542759747842,4037.992482147671,100.17885502738422
0,1.0051034260753824,4030.337794529674,105.40910857644079
0,0.9752286656594906,4041.6979247998725,115.33975313709352
0,0.9998928101047928,4034.7550977177307,121.47582140183059
0,0.9969575841458503,4037.1971193781324,102.73864053085256
0,0.9946342781597034,4051.5924703822075,121.03555467783474
0,1.0126359567574648,4037.9954370581595,114.33442704464225
